,,,,,,,,,,,,,,,,,,
,,,,,,,,,,,,,,,,,,
,,,,,,,,,,,,,,,,,,
,,,,,,,,,,,,,,,,,,
,,,,,,,,,,,,,,,,,,
,,,,,,,,,,,,,,,,,,
,,,,,,,,,,,,,,,,,,
PROJECT PROCUREMENT MANAGEMENT PLAN (PPMP) 2023,,,,,,,,,,,,,,,,,,
,,,,,,,,,,,,,,,,,,
,,,,,,,,,,,,,,,,,,
End-User/Unit: CTU - GINATILAN EXTENSION CAMPUS,,,,,,,,,,,,,,,,,,
"Charged to ____________ (GAA, STF, IGP)",,,,,,,,,,,,,,,,,,
"Projects, Programs and Activities (PAPs)",,,,,,,,,,,,,,,,,,
,,,,,,,,,,,,,,,,,,
Item & Specifications,,QUANTITY & UNIT,,ESTIMATED BUDGET,MODE OF PROCUREMENT,Monthly Quantity Requirement,,,,,,,,,,,,Unit Price
,,,,,,Jan,Feb,Mar,April ,May ,June,July,Aug,Sept,Oct,Nov,Dec,
PART I. AVAILABLE AT PS-DBM (MAIN WAREHOUSE AND DEPOTS),,,,,,,,,,,,,,,,,,
PESTICIDES OR PEST REPELLENTS,,,,,,,,,,,,,,,,,,
,"INSECTICIDE, aerosol type",  -   ,can,0.00,,0,0,0,0,0,0,0,0,0,0,0,0,400.00
PERFUMES OR COLOGNES OR FRAGRANCES,,,,,,,,,,,,,,,,,,
,"LIQUID HAND SANITIZER, 500mL",  -   ,bottle,0.00,,0,0,0,0,0,0,0,0,0,0,0,0,250.00
ALCOHOL OR ACETONE BASED ANTISEPTICS,,,,,,,,,,,,,,,,,,
,"ALCOHOL, Ethyl, 68%-72%, 500 ml",  -   ,bottle,0.00,,0,0,0,0,0,0,0,0,0,0,0,0,200.00
,"ALCOHOL, ethyl, 68%-72%, 1 Gallon",  -   ,gallon,0.00,,0,0,0,0,0,0,0,0,0,0,0,0,650.00
,"ALCOHOL, isopropyl, 68%- 72%, 500ml (-5ml)",  -   ,bottle,0.00,,0,0,0,0,0,0,0,0,0,0,0,0,200.00
,"ALCOHOL, isopropyl, 68%-72%, scented, 3.785 liters",  -   ,gallon,0.00,,0,0,0,0,0,0,0,0,0,0,0,0,650.00
,"POVIDONE IODINE, 10 % solution, 120 ml",  -   ,gallon,0.00,,0,0,0,0,0,0,0,0,0,0,0,0,300.00
COLOR COMPOUNDS AND DISPERSIONS,,,,,,,,,,,,,,,,,,
,"INK, for stamp pad",  -   ,bottle,0.00,,0,0,0,0,0,0,0,0,0,0,0,0,50.00
FILMS,,,,,,,,,,,,,,,,,,
,ACETATE,  -   ,roll,0.00,,0,0,0,0,0,0,0,0,0,0,0,0,1000.00
,"CARBON FILM, A4",  -   ,box,0.00,,0,0,0,0,0,0,0,0,0,0,0,0,250.00
,"CARBON FILM, legal",  -   ,box,0.00,,0,0,0,0,0,0,0,0,0,0,0,0,250.00
PAPER MATERIALS AND PRODUCTS,,,,,,,,,,,,,,,,,,
,"CARTOLINA, assorted colors,",  -   ,pack,0.00,,0,0,0,0,0,0,0,0,0,0,0,0,150.00
,"COMPUTER CONTINUOUS FORM, 1 ply, 280 X 241mm",  -   ,box,0.00,,0,0,0,0,0,0,0,0,0,0,0,0,882.55
,"COMPUTER CONTINUOUS FORM, 1 ply, 280 X 378mm",  -   ,box,0.00,,0,0,0,0,0,0,0,0,0,0,0,0,1029.60
,"COMPUTER CONTINUOUS FORM, 2 ply, 280 X 378mm",  -   ,box,0.00,,0,0,0,0,0,0,0,0,0,0,0,0,1528.80
,"COMPUTER CONTINUOUS FORM, 2 ply, 280 X 241mm",  -   ,box,0.00,,0,0,0,0,0,0,0,0,0,0,0,0,906.36
,"COMPUTER CONTINUOUS FORM, 3 ply, 280 X 241mm",  -   ,box,0.00,,0,0,0,0,0,0,0,0,0,0,0,0,884.00
,"COMPUTER CONTINUOUS FORM, 3 ply, 280 X 378mm",  -   ,box,0.00,,0,0,0,0,0,0,0,0,0,0,0,0,1508.00
,"LOOSELEAF COVER, legal",  -   ,bundle,0.00,,0,0,0,0,0,0,0,0,0,0,0,0,1000.00
,"NOTE PAD, stick on, 50mm x 76mm (2"" x 3"") min",  -   ,pad,0.00,,0,0,0,0,0,0,0,0,0,0,0,0,38.00
,"NOTE PAD, stick on, 76mm x 100mm (3"" x 4"") min",  -   ,pad,0.00,,0,0,0,0,0,0,0,0,0,0,0,0,60.00
,"NOTE PAD, stick on, 3"" x 3""",  -   ,pad,0.00,,0,0,0,0,0,0,0,0,0,0,0,0,55.00
,"NOTEBOOK, stenographer",  -   ,piece,0.00,,0,0,0,0,0,0,0,0,0,0,0,0,20.00
,"PAPER, MULTICOPY, A4, 80 gsm",  -   ,reams,0.00,,0,0,0,0,0,0,0,0,0,0,0,0,250.00
,"PAPER, MULTICOPY, Legal, 80gsm",  -   ,reams,0.00,,0,0,0,0,0,0,0,0,0,0,0,0,280.00
,"PAPER, Multi-Purpose, A4, 70 gsm",  -   ,reams,0.00,,0,0,0,0,0,0,0,0,0,0,0,0,230.00
,"PAPER, multi-purpose, legal, 70gsm",  -   ,reams,0.00,,0,0,0,0,0,0,0,0,0,0,0,0,235.00
,"PAD PAPER, ruled",  -   ,pad,0.00,,0,0,0,0,0,0,0,0,0,0,0,0,25.00
,"PAPER, parchment",  -   ,box,0.00,,0,0,0,0,0,0,0,0,0,0,0,0,150.00
,"Thermal Paper, 55GSM (-5%) ,1/2 Core, 216mm x 30m",  -   ,roll,0.00,,0,0,0,0,0,0,0,0,0,0,0,0,100.00
,"RECORD BOOK, 300 PAGES, size: 214mm x 278mm min",  -   ,book,0.00,,0,0,0,0,0,0,0,0,0,0,0,0,100.00
,"RECORD BOOK, 500 PAGES, size: 214mm x 278mm min",  -   ,book,0.00,,0,0,0,0,0,0,0,0,0,0,0,0,125.00
,"TOILET TISSUE PAPER, 2-ply, 100% recycled",  -   ,pack,0.00,,0,0,0,0,0,0,0,0,0,0,0,0,100.00
,"TISSUE, interfolded paper towel",  -   ,pack,0.00,,0,0,0,0,0,0,0,0,0,0,0,0,50.00
,"TOILET TISSUE PAPER, Interfolded Paper Towel",  -   ,pack,0.00,,0,0,0,0,0,0,0,0,0,0,0,0,50.00
BATTERIES AND CELLS AND ACCESSORIES,,,,,,,,,,,,,,,,,,
,"BATTERY, dry Cell, size AA",  -   , pack  ,0.00,,0,0,0,0,0,0,0,0,0,0,0,0,150.00
,"BATTERY, dry Cell, size AAA",  -   , pack  ,0.00,,0,0,0,0,0,0,0,0,0,0,0,0,200.00
,"BATTERY, dry Cell, size D",  -   , pack  ,0.00,,0,0,0,0,0,0,0,0,0,0,0,0,250.00
MANUFACTURING COMPONENTS AND SUPPLIES,,,,,,,,,,,,,,,,,,
,"GLUE, all purpose",  -   ,jar,0.00,,0,0,0,0,0,0,0,0,0,0,0,0,80.00
,"STAPLE WIRE, heavy duty, binder type, 23/13",  -   ,box,0.00,,0,0,0,0,0,0,0,0,0,0,0,0,60.00
,"STAPLE WIRE, standard",  -   ,box,0.00,,0,0,0,0,0,0,0,0,0,0,0,0,50.00
,"TAPE, electrical",  -   ,roll,0.00,,0,0,0,0,0,0,0,0,0,0,0,0,50.00
,"TAPE, masking, 24mm, 50m",  -   ,roll,0.00,,0,0,0,0,0,0,0,0,0,0,0,0,60.00
,"TAPE, MASKING, 48mm, 50m",  -   ,roll,0.00,,0,0,0,0,0,0,0,0,0,0,0,0,100.00
,"TAPE, packaging, 48mm, 50m",  -   ,roll,0.00,,0,0,0,0,0,0,0,0,0,0,0,0,100.00
,"TAPE, transparent, 24mm, 50m",  -   ,roll,0.00,,0,0,0,0,0,0,0,0,0,0,0,0,50.00
,"TAPE, transparent, 48mm, 50m",  -   ,roll,0.00,,0,0,0,0,0,0,0,0,0,0,0,0,100.00
,"TWINE, plastic",  -   ,roll,0.00,,0,0,0,0,0,0,0,0,0,0,0,0,100.00
HEATING AND VENTILATION AND AIR CIRCULATION,,,,,,,,,,,,,,,,,,
,"ELECTRIC FAN, industrial, ground type",  -   ,unit,0.00,,0,0,0,0,0,0,0,0,0,0,0,0,2000.00
,"ELECTRIC FAN, ceiling mount, orbit type",  -   ,unit,0.00,,0,0,0,0,0,0,0,0,0,0,0,0,2500.00
,"ELECTRIC FAN, stand type",  -   ,unit,0.00,,0,0,0,0,0,0,0,0,0,0,0,0,2000.00
,"ELECTRIC FAN, wall mount, plastic blade",  -   ,unit,0.00,,0,0,0,0,0,0,0,0,0,0,0,0,1500.00
MEDICAL THERMOMETERS AND ACCESSORIES,,,,,,,,,,,,,,,,,,
,THERMOGUN,  -   , piece ,0.00,,0,0,0,0,0,0,0,0,0,0,0,0,2600.00
LIGHTING AND FIXTURES AND ACCESSORIES,,,,,,,,,,,,,,,,,,
,"LINEAR TUBE, Light Emitting Diode (LED), 18 watts",  -   , piece ,0.00,,0,0,0,0,0,0,0,0,0,0,0,0,208.00
,"LIGHT BULB, Light Emitting Diode (LED)",  -   , piece ,0.00,,0,0,0,0,0,0,0,0,0,0,0,0,90.00
MEASURING AND OBSERVING AND TESTING EQUIPMENT,,,,,,,,,,,,,,,,,,
,"RULER, plastic, 450mm",  -   ,piece,0.00,,0,0,0,0,0,0,0,0,0,0,0,0,18.00
CLEANING EQUIPMENT AND SUPPLIES,,,,,,,,,,,,,,,,,,
,"AIR FRESHENER, aerosol type",  -   ,can,0.00,,0,0,0,0,0,0,0,0,0,0,0,0,100.00
,"BROOM, soft, tambo",  -   ,piece,0.00,,0,0,0,0,0,0,0,0,0,0,0,0,140.00
,"BROOM, stick, ting-ting",  -   ,piece,0.00,,0,0,0,0,0,0,0,0,0,0,0,0,20.00
,"CLEANER, toilet and urinal, 1liter",  -   ,bottle,0.00,,0,0,0,0,0,0,0,0,0,0,0,0,80.00
,"CLEANSER, scouring powder",  -   ,can,0.00,,0,0,0,0,0,0,0,0,0,0,0,0,60.00
,"DETERGENT BAR, 140g",  -   ,piece,0.00,,0,0,0,0,0,0,0,0,0,0,0,0,10.00
,"DETERGENT POWDER, all-purpose, 1kg",  -   ,pack,0.00,,0,0,0,0,0,0,0,0,0,0,0,0,80.00
,"DISINFECTANT SPRAY, aerosol type",  -   ,can,0.00,,0,0,0,0,0,0,0,0,0,0,0,0,250.00
,"DUST PAN, non-rigid plastic",  -   ,piece,0.00,,0,0,0,0,0,0,0,0,0,0,0,0,50.00
,"SODIUM HYPOCHLORITE, 3.785 liters",  -   ,gallon,0.00,,0,0,0,0,0,0,0,0,0,0,0,0,180.00
,"LIQUID HAND SOAP, 500mL",  -   ,bottle,0.00,,0,0,0,0,0,0,0,0,0,0,0,0,130.00
,"FLOOR WAX, paste type, red",  -   ,can,0.00,,0,0,0,0,0,0,0,0,0,0,0,0,350.00
,"FURNITURE CLEANER, aerosol type",  -   ,can,0.00,,0,0,0,0,0,0,0,0,0,0,0,0,150.00
,"MOP BUCKET, heavy duty, hard plastic",  -   ,unit,0.00,,0,0,0,0,0,0,0,0,0,0,0,0,2000.00
,"MOPHANDLE, heavy duty, screw type",  -   ,piece,0.00,,0,0,0,0,0,0,0,0,0,0,0,0,130.00
,"MOPHEAD, made of rayon",  -   ,piece,0.00,,0,0,0,0,0,0,0,0,0,0,0,0,150.00
,"RAGS, all cotton, 32s",  -   ,bundle,0.00,,0,0,0,0,0,0,0,0,0,0,0,0,64.00
,"SCOURING PAD, with foam, 3s ",  -   ,pack,0.00,,0,0,0,0,0,0,0,0,0,0,0,0,100.00
,"TRASHBAG, GPP specs, black, 940mmx1016mm",  -   ,pack,0.00,,0,0,0,0,0,0,0,0,0,0,0,0,150.00
,"WASTEBASKET, non-rigid plastic",  -   ,piece,0.00,,0,0,0,0,0,0,0,0,0,0,0,0,100.00
INFORMATION AND COMMUNICATION TECHNOLOGY (ICT) EQUIPMENT AND DEVICES AND ACCESSORIES,,,,,,,,,,,,,,,,,,
,DESKTOP FOR BASIC USERS,  -   ,unit,0.00,,0,0,0,0,0,0,0,0,0,0,0,0,"30,000.00"
,DESKTOP FOR MID-RANGE USERS,  -   ,unit,0.00,,0,0,0,0,0,0,0,0,0,0,0,0,"50,000.00"
,LAPTOP FOR MID-RANGE USERS,  -   ,unit,0.00,,0,0,0,0,0,0,0,0,0,0,0,0,"55,000.00"
,"EXTERNAL HARD DRIVE, 1 TB",  -   , piece ,0.00,,0,0,0,0,0,0,0,0,0,0,0,0,3000.00
,"FLASH DRIVE, 16 GB",  -   ,piece,0.00,,0,0,0,0,0,0,0,0,0,0,0,0,200.00
,"MOUSE, OPTICAL, USB connection type",  -   ,unit,0.00,,0,0,0,0,0,0,0,0,0,0,0,0,150.00
,"MOUSE, WIRELESS, USB",  -   ,unit,0.00,,0,0,0,0,0,0,0,0,0,0,0,0,200.00
,"PRINTER, impact, dot matrix, 24 pins, 136 columns",  -   ,unit,0.00,,0,0,0,0,0,0,0,0,0,0,0,0,38100.97
,"PRINTER, impact, dot matrix, 9 pins, 80 columns",  -   ,unit,0.00,,0,0,0,0,0,0,0,0,0,0,0,0,9191.52
,"PRINTER, laser, monochrome",  -   ,unit,0.00,,0,0,0,0,0,0,0,0,0,0,0,0,15000.00
,"PRINTER, laser, colored",  -   ,unit,0.00,,0,0,0,0,0,0,0,0,0,0,0,0,30000.00
OFFICE EQUIPMENT AND ACCESSORIES AND SUPPLIES,,,,,,,,,,,,,,,,,,
,"CHALK, white enamel",  -   ,box,0.00,,0,0,0,0,0,0,0,0,0,0,0,0,40.00
,"CLIP, backfold, 19mm",  -   ,box,0.00,,0,0,0,0,0,0,0,0,0,0,0,0,10.00
,"CLIP, backfold, 25mm",  -   ,box,0.00,,0,0,0,0,0,0,0,0,0,0,0,0,20.00
,"CLIP, backfold, 32mm",  -   ,box,0.00,,0,0,0,0,0,0,0,0,0,0,0,0,30.00
,"CLIP, backfold, 50mm",  -   ,box,0.00,,0,0,0,0,0,0,0,0,0,0,0,0,60.00
,"CORRECTION TAPE, 8m",  -   ,piece,0.00,,0,0,0,0,0,0,0,0,0,0,0,0,35.00
,DATA FILE BOX,  -   ,piece,0.00,,0,0,0,0,0,0,0,0,0,0,0,0,200.00
,DATA FOLDER,  -   ,piece,0.00,,0,0,0,0,0,0,0,0,0,0,0,0,170.00
,"ENVELOPE, documentary, A4",  -   ,box,0.00,,0,0,0,0,0,0,0,0,0,0,0,0,1000.00
,"ENVELOPE, DOCUMENTARY, for legal size document",  -   ,box,0.00,,0,0,0,0,0,0,0,0,0,0,0,0,1500.00
,"ENVELOPE, expanding, kraft, legal",  -   ,box,0.00,,0,0,0,0,0,0,0,0,0,0,0,0,2800.00
,"ENVELOPE, expanding, plastic",  -   ,piece,0.00,,0,0,0,0,0,0,0,0,0,0,0,0,60.00
,"ENVELOPE, mailing",  -   ,box,0.00,,0,0,0,0,0,0,0,0,0,0,0,0,500.00
,"ENVELOPE, mailing, with window",  -   ,box,0.00,,0,0,0,0,0,0,0,0,0,0,0,0,600.00
,"ERASER, FELT, for blackboard/whiteboard",  -   ,piece,0.00,,0,0,0,0,0,0,0,0,0,0,0,0,15.00
,"FASTENER, metal, non-sharp edges",  -   ,box,0.00,,0,0,0,0,0,0,0,0,0,0,0,0,100.00
,"FILE ORGANIZER, expanding, plastic, legal",  -   ,piece,0.00,,0,0,0,0,0,0,0,0,0,0,0,0,170.00
,"FILE TAB DIVIDER, bristol board, for A4, 5s",  -   ,set,0.00,,0,0,0,0,0,0,0,0,0,0,0,0,25.00
,"FILE TAB DIVIDER, legal, 5s",  -   ,set,0.00,,0,0,0,0,0,0,0,0,0,0,0,0,50.00
,"FOLDER, fancy, with slide, A4",  -   ,bundle,0.00,,0,0,0,0,0,0,0,0,0,0,0,0,350.00
,"FOLDER, fancy, with slide, legal",  -   ,bundle,0.00,,0,0,0,0,0,0,0,0,0,0,0,0,450.00
,"FOLDER, L-type, A4",  -   ,pack,0.00,,0,0,0,0,0,0,0,0,0,0,0,0,200.00
,"FOLDER, L-type, legal",  -   ,pack,0.00,,0,0,0,0,0,0,0,0,0,0,0,0,300.00
,"FOLDER, pressboard",  -   ,box,0.00,,0,0,0,0,0,0,0,0,0,0,0,0,2000.00
,"FOLDER, with tab, A4",  -   ,pack,0.00,,0,0,0,0,0,0,0,0,0,0,0,0,300.00
,"FOLDER, with tab, legal",  -   ,pack,0.00,,0,0,0,0,0,0,0,0,0,0,0,0,350.00
,"INDEX TAB, self-adhesive, transparent",  -   ,box,0.00,,0,0,0,0,0,0,0,0,0,0,0,0,80.00
,"MAGAZINE FILE BOX, large",  -   ,piece,0.00,,0,0,0,0,0,0,0,0,0,0,0,0,200.00
,"MARKER, fluorescent",  -   ,set,0.00,,0,0,0,0,0,0,0,0,0,0,0,0,100.00
,"MARKER, whiteboard, black",  -   ,piece,0.00,,0,0,0,0,0,0,0,0,0,0,0,0,100.00
,"MARKER, whiteboard, blue",  -   ,piece,0.00,,0,0,0,0,0,0,0,0,0,0,0,0,100.00
,"MARKER, whiteboard, red",  -   ,piece,0.00,,0,0,0,0,0,0,0,0,0,0,0,0,100.00
,"MARKER, permanent, black, bullet type",  -   ,piece,0.00,,0,0,0,0,0,0,0,0,0,0,0,0,100.00
,"MARKER, permanent, blue, bullet type",  -   ,piece,0.00,,0,0,0,0,0,0,0,0,0,0,0,0,100.00
,"MARKER, permanent, red, bullet type",  -   ,piece,0.00,,0,0,0,0,0,0,0,0,0,0,0,0,100.00
,"PAPER CLIP, vinyl/plastic coated, 33mm",  -   ,box,0.00,,0,0,0,0,0,0,0,0,0,0,0,0,20.00
,"PAPER CLIP, vinyl/plastic coated, 50mm",  -   ,box,0.00,,0,0,0,0,0,0,0,0,0,0,0,0,30.00
,"PENCIL, lead, with eraser",  -   ,box,0.00,,0,0,0,0,0,0,0,0,0,0,0,0,100.00
,"RING BINDER, plastic, 32mm",  -   ,bundle,0.00,,0,0,0,0,0,0,0,0,0,0,0,0,250.00
,"RUBBER BAND, No. 18",  -   ,box,0.00,,0,0,0,0,0,0,0,0,0,0,0,0,130.00
,"STAMP PAD, felt",  -   ,piece,0.00,,0,0,0,0,0,0,0,0,0,0,0,0,45.00
,"BLADE, for general purpose cutter / utility knife",  -   ,piece,0.00,,0,0,0,0,0,0,0,0,0,0,0,0,14.82
,"CUTTER/UTILITY KNIFE, for general purpose",  -   ,piece,0.00,,0,0,0,0,0,0,0,0,0,0,0,0,33.43
,DATING AND STAMPING MACHINE,  -   ,piece,0.00,,0,0,0,0,0,0,0,0,0,0,0,0,500.00
,"PENCIL SHARPENER, manual, single cutter head",  -   ,piece,0.00,,0,0,0,0,0,0,0,0,0,0,0,0,300.00
,"PUNCHER, paper, heavy duty",  -   ,piece,0.00,,0,0,0,0,0,0,0,0,0,0,0,0,250.00
,"SCISSORS, symmetrical",  -   ,pair,0.00,,0,0,0,0,0,0,0,0,0,0,0,0,200.00
,"STAPLER, standard type",  -   ,piece,0.00,,0,0,0,0,0,0,0,0,0,0,0,0,1000.00
,"STAPLER, heavy duty, binder type",  -   ,unit,0.00,,0,0,0,0,0,0,0,0,0,0,0,0,2000.00
,"STAPLE REMOVER, plier type",  -   ,piece,0.00,,0,0,0,0,0,0,0,0,0,0,0,0,100.00
,"TAPE DISPENSER, table top",  -   ,piece,0.00,,0,0,0,0,0,0,0,0,0,0,0,0,180.00
,"BINDING AND PUNCHING MACHINE, 50mm binding capacit",  -   ,unit,0.00,,0,0,0,0,0,0,0,0,0,0,0,0,15000.00
,"CALCULATOR, compact",  -   ,unit,0.00,,0,0,0,0,0,0,0,0,0,0,0,0,1000.00
,FACSIMILE MACHINE,  -   ,unit,0.00,,0,0,0,0,0,0,0,0,0,0,0,0,6000.00
,"PAPER TRIMMER / CUTTING MACHINE, table top",  -   ,unit,0.00,,0,0,0,0,0,0,0,0,0,0,0,0,13000.00
,PAPER SHREDDER,  -   ,unit,0.00,,0,0,0,0,0,0,0,0,0,0,0,0,15000.00
PRINTER OR FACSIMILE OR PHOTOCOPIER SUPPLIES,,,,,,,,,,,,,,,,,,
,"DRUM CART, BROTHER DR-3455, Black",  -   ,cart,0.00,,0,0,0,0,0,0,0,0,0,0,0,0,6947.20
,"INK CART, BROTHER LC67B, Black",  -   ,cart,0.00,,0,0,0,0,0,0,0,0,0,0,0,0,910.00
,"INK CART, BROTHER LC67HYBK, Black",  -   ,cart,0.00,,0,0,0,0,0,0,0,0,0,0,0,0,1601.60
,"Drum Cart, Brother DR-451CL,high yield 30000 pages",  -   ,cart,0.00,,0,0,0,0,0,0,0,0,0,0,0,0,6760.00
,"Toner Cart, Brother TN-456 BLACK, high yield 6500",  -   ,cart,0.00,,0,0,0,0,0,0,0,0,0,0,0,0,5080.40
,"Toner Cart, Brother TN-456 CYAN, high yield 6500",  -   ,cart,0.00,,0,0,0,0,0,0,0,0,0,0,0,0,8569.60
,"Toner Cart, Brother TN-456 MAGENTA, high yield",  -   ,cart,0.00,,0,0,0,0,0,0,0,0,0,0,0,0,8569.60
,"Toner Cart, Brother TN-456 YELLOW, high yield 6500",  -   ,cart,0.00,,0,0,0,0,0,0,0,0,0,0,0,0,8569.60
,"TONER CART, SAMSUNG ML-D2850B, Black",  -   ,cart,0.00,,0,0,0,0,0,0,0,0,0,0,0,0,5116.80
,"INK CART, CANON CL-741,Colored",  -   ,cart,0.00,,0,0,0,0,0,0,0,0,0,0,0,0,989.04
,"INK CART, CANON CL-811, Colored",  -   ,cart,0.00,,0,0,0,0,0,0,0,0,0,0,0,0,1029.60
,"INK CART, CANON PG-740, Black",  -   ,cart,0.00,,0,0,0,0,0,0,0,0,0,0,0,0,754.00
,"INK CART, CANON PG-810, Black",  -   ,cart,0.00,,0,0,0,0,0,0,0,0,0,0,0,0,780.00
,"INK CART, EPSON C13T664100 (T6641), Black",  -   ,cart,0.00,,0,0,0,0,0,0,0,0,0,0,0,0,250.00
,"INK CART, EPSON C13T664200 (T6642), Cyan",  -   ,cart,0.00,,0,0,0,0,0,0,0,0,0,0,0,0,250.00
,"INK CART, EPSON C13T664300 (T6643), Magenta",  -   ,cart,0.00,,0,0,0,0,0,0,0,0,0,0,0,0,250.00
,"INK CART, EPSON C13T664400 (T6644), Yellow",  -   ,cart,0.00,,0,0,0,0,0,0,0,0,0,0,0,0,250.00
,"Ink Cartridge, HP C2P04AA (HP62) Black",  -   ,cart,0.00,,0,0,0,0,0,0,0,0,0,0,0,0,773.76
,"Ink Cartridge, HP C2P06AA (HP62) Tri-color",  -   ,cart,0.00,,0,0,0,0,0,0,0,0,0,0,0,0,950.56
,"INK CART, HP C9351AA, (HP21), Black",  -   ,cart,0.00,,0,0,0,0,0,0,0,0,0,0,0,0,800.00
,"INK CART, HP C9352AA, (HP22), Tri-color",  -   ,cart,0.00,,0,0,0,0,0,0,0,0,0,0,0,0,950.00
,"Ink Cartridge, HP C9397A (HP72) 69ml Photo Black",  -   ,cart,0.00,,0,0,0,0,0,0,0,0,0,0,0,0,1996.80
,"Ink Cartridge, HP C9398A (HP72) 69ml Cyan",  -   ,cart,0.00,,0,0,0,0,0,0,0,0,0,0,0,0,1996.80
,"Ink Cartridge, HP C9399A (HP72) 69ml Magenta",  -   ,cart,0.00,,0,0,0,0,0,0,0,0,0,0,0,0,1996.80
,"Ink Cartridge, HP C9400A (HP72) 69ml Yellow",  -   ,cart,0.00,,0,0,0,0,0,0,0,0,0,0,0,0,1996.80
,"Ink Cartridge, HP C9401A (HP72) 69ml Gray",  -   ,cart,0.00,,0,0,0,0,0,0,0,0,0,0,0,0,1996.80
,"Ink Cartridge, HP C9403A (HP72) 130ml Matte Black",  -   ,cart,0.00,,0,0,0,0,0,0,0,0,0,0,0,0,3016.00
,"INK CART, HP CC640WA, (HP60), Black",  -   ,cart,0.00,,0,0,0,0,0,0,0,0,0,0,0,0,769.60
,"INK CART, HP CC643WA, (HP60), Tri-color",  -   ,cart,0.00,,0,0,0,0,0,0,0,0,0,0,0,0,915.20
,"INK CART, HP CD887AA, (HP703), Black",  -   ,cart,0.00,,0,0,0,0,0,0,0,0,0,0,0,0,450.00
,"INK CART, HP CD888AA, (HP703), Tri-color",  -   ,cart,0.00,,0,0,0,0,0,0,0,0,0,0,0,0,450.00
,"INK CART, HP CD972AA, (HP 920XL), Cyan",  -   ,cart,0.00,,0,0,0,0,0,0,0,0,0,0,0,0,641.68
,"INK CART, HP CD973AA, (HP 920XL), Magenta",  -   ,cart,0.00,,0,0,0,0,0,0,0,0,0,0,0,0,641.68
,"INK CART, HP CD974AA, (HP 920XL), Yellow,",  -   ,cart,0.00,,0,0,0,0,0,0,0,0,0,0,0,0,641.68
,"INK CART, HP CD975AA, (HP 920XL), Black",  -   ,cart,0.00,,0,0,0,0,0,0,0,0,0,0,0,0,1346.80
,"INK CART, HP CH561WA, (HP61), Black",  -   ,cart,0.00,,0,0,0,0,0,0,0,0,0,0,0,0,756.08
,"INK CART, HP CH562WA, (HP61), Tricolor",  -   ,cart,0.00,,0,0,0,0,0,0,0,0,0,0,0,0,931.84
,"Ink Cartridge, HP CH565A (HP82) Black",  -   ,cart,0.00,,0,0,0,0,0,0,0,0,0,0,0,0,1944.80
,"Ink Cartridge, HP CH566A (HP82) Cyan",  -   ,cart,0.00,,0,0,0,0,0,0,0,0,0,0,0,0,1539.20
,"Ink Cartridge, HP CH567A (HP82) Magenta",  -   ,cart,0.00,,0,0,0,0,0,0,0,0,0,0,0,0,1539.20
,"Ink Cartridge, HP CH568A (HP82) Yellow",  -   ,cart,0.00,,0,0,0,0,0,0,0,0,0,0,0,0,1539.20
,"INK CART, HP CN045AA, (HP950XL), Black",  -   ,cart,0.00,,0,0,0,0,0,0,0,0,0,0,0,0,1786.72
,"INK CART, HP CN046AA, (HP951XL), Cyan",  -   ,cart,0.00,,0,0,0,0,0,0,0,0,0,0,0,0,1326.00
,"INK CART, HP CN047AA, (HP951XL), Magenta",  -   ,cart,0.00,,0,0,0,0,0,0,0,0,0,0,0,0,1326.00
,"INK CART, HP CN048AA, (HP951XL). Yellow",  -   ,cart,0.00,,0,0,0,0,0,0,0,0,0,0,0,0,1326.00
,"INK CART, HP CN692AA, (HP704), Black",  -   ,cart,0.00,,0,0,0,0,0,0,0,0,0,0,0,0,450.00
,"INK CART, HP CN693AA, (HP704), Tri-color",  -   ,cart,0.00,,0,0,0,0,0,0,0,0,0,0,0,0,450.00
,"INK CART, HP CZ107AA, (HP678), Black",  -   ,cart,0.00,,0,0,0,0,0,0,0,0,0,0,0,0,366.08
,"INK CART, HP CZ108AA, (HP678), Tricolor",  -   ,cart,0.00,,0,0,0,0,0,0,0,0,0,0,0,0,366.08
,"INK CART, HP CZ121A (HP685A), Black",  -   ,cart,0.00,,0,0,0,0,0,0,0,0,0,0,0,0,312.00
,"INK CART, HP CZ122A (HP685A), Cyan",  -   ,cart,0.00,,0,0,0,0,0,0,0,0,0,0,0,0,256.88
,"INK CART, HP CZ123A (HP685A), Magenta",  -   ,cart,0.00,,0,0,0,0,0,0,0,0,0,0,0,0,256.88
,"INK CART, HP CZ124A (HP685A), Yellow",  -   ,cart,0.00,,0,0,0,0,0,0,0,0,0,0,0,0,256.88
,"Ink Cartridge, HP F6V26AA (HP680) Tri-color",  -   ,cart,0.00,,0,0,0,0,0,0,0,0,0,0,0,0,405.60
,"Ink Cartridge, HP F6V27AA (HP680) Black",  -   ,cart,0.00,,0,0,0,0,0,0,0,0,0,0,0,0,405.60
,"Ink Cartridge, HP L0S51AA (HP955) Cyan",  -   ,cart,0.00,,0,0,0,0,0,0,0,0,0,0,0,0,995.75
,"Ink Cartridge, HP L0S54AA (HP955) Magenta",  -   ,cart,0.00,,0,0,0,0,0,0,0,0,0,0,0,0,995.75
,"Ink Cartridge, HP L0S57AA (HP955) Yellow",  -   ,cart,0.00,,0,0,0,0,0,0,0,0,0,0,0,0,995.75
,"Ink Cartridge, HP L0S60AA (HP955) Black",  -   ,cart,0.00,,0,0,0,0,0,0,0,0,0,0,0,0,4956.60
,"Ink Cartridge, HP L0S63AA (HP955XL) Cyan",  -   ,cart,0.00,,0,0,0,0,0,0,0,0,0,0,0,0,1212.64
,"Ink Cartridge, HP L0S66AA (HP955XL) Magenta",  -   ,cart,0.00,,0,0,0,0,0,0,0,0,0,0,0,0,1212.64
,"Ink Cartridge, HP L0S69AA (HP955XL) Yellow",  -   ,cart,0.00,,0,0,0,0,0,0,0,0,0,0,0,0,1212.64
,"Ink Cartridge, HP L0S72AA (HP955XL) Black",  -   ,cart,0.00,,0,0,0,0,0,0,0,0,0,0,0,0,1644.24
,"Ink Cartridge, HP T6L89AA (HP905) Cyan",  -   ,cart,0.00,,0,0,0,0,0,0,0,0,0,0,0,0,453.62
,"Ink Cartridge, HP T6L93AA (HP905) Magenta",  -   ,cart,0.00,,0,0,0,0,0,0,0,0,0,0,0,0,453.62
,"Ink Cartridge, HP T6L97AA (HP905) Yellow",  -   ,cart,0.00,,0,0,0,0,0,0,0,0,0,0,0,0,453.62
,"Ink Cartridge, HP T6M01AA (HP905) Black",  -   ,cart,0.00,,0,0,0,0,0,0,0,0,0,0,0,0,741.28
,"RIBBON CART, EPSON C13S015516 (#8750), Black",  -   ,cart,0.00,,0,0,0,0,0,0,0,0,0,0,0,0,77.43
,"RIBBON CART, EPSON C13S015531 (S015086), Black",  -   ,cart,0.00,,0,0,0,0,0,0,0,0,0,0,0,0,736.32
,"RIBBON CART, EPSON C13S015632, Black",  -   ,cart,0.00,,0,0,0,0,0,0,0,0,0,0,0,0,77.94
,"TONER CART, BROTHER TN-2025, Black",  -   ,cart,0.00,,0,0,0,0,0,0,0,0,0,0,0,0,2685.28
,"TONER CART, BROTHER TN-2130, Black",  -   ,cart,0.00,,0,0,0,0,0,0,0,0,0,0,0,0,1892.80
,"TONER CART, BROTHER TN-2150, Black",  -   ,cart,0.00,,0,0,0,0,0,0,0,0,0,0,0,0,2685.28
,"TONER CART, BROTHER TN-3320, Black",  -   ,cart,0.00,,0,0,0,0,0,0,0,0,0,0,0,0,3567.20
,"TONER CART, BROTHER TN-3350, Black",  -   ,cart,0.00,,0,0,0,0,0,0,0,0,0,0,0,0,5002.40
,"TONER CART, HP CB435A, Black",  -   ,cart,0.00,,0,0,0,0,0,0,0,0,0,0,0,0,3380.00
,"TONER CART, HP CB540A, Black",  -   ,cart,0.00,,0,0,0,0,0,0,0,0,0,0,0,0,3337.36
,"TONER CART, HP CE255A, Black",  -   ,cart,0.00,,0,0,0,0,0,0,0,0,0,0,0,0,7332.00
,"TONER CART, HP CE278A, Black",  -   ,cart,0.00,,0,0,0,0,0,0,0,0,0,0,0,0,3952.00
,"TONER CART, HP CE285A (HP85A), Black",  -   ,cart,0.00,,0,0,0,0,0,0,0,0,0,0,0,0,3432.00
,"TONER CART, HP CE310A, Black",  -   ,cart,0.00,,0,0,0,0,0,0,0,0,0,0,0,0,2614.56
,"TONER CART, HP CE311A, Cyan",  -   ,cart,0.00,,0,0,0,0,0,0,0,0,0,0,0,0,2542.80
,"TONER CART, HP CE312A, Yellow",  -   ,cart,0.00,,0,0,0,0,0,0,0,0,0,0,0,0,2542.80
,"TONER CART, HP CE313A, Magenta",  -   ,cart,0.00,,0,0,0,0,0,0,0,0,0,0,0,0,2542.80
,"TONER CART, HP CE320A, Black",  -   ,cart,0.00,,0,0,0,0,0,0,0,0,0,0,0,0,2916.16
,"TONER CART, HP CE321A, Cyan",  -   ,cart,0.00,,0,0,0,0,0,0,0,0,0,0,0,0,3072.16
,"TONER CART, HP CE322A, Yellow",  -   ,cart,0.00,,0,0,0,0,0,0,0,0,0,0,0,0,3072.16
,"TONER CART, HP CE323A, Magenta",  -   ,cart,0.00,,0,0,0,0,0,0,0,0,0,0,0,0,3072.16
,"TONER CART, HP CE390A, Black",  -   ,cart,0.00,,0,0,0,0,0,0,0,0,0,0,0,0,8476.00
,"TONER CART, HP CE400A, Black",  -   ,cart,0.00,,0,0,0,0,0,0,0,0,0,0,0,0,6900.40
,"TONER CART, HP CE401A, Cyan",  -   ,cart,0.00,,0,0,0,0,0,0,0,0,0,0,0,0,10193.04
,"TONER CART, HP CE402A, Yellow",  -   ,cart,0.00,,0,0,0,0,0,0,0,0,0,0,0,0,10193.04
,"TONER CART, HP CE403A, Magenta",  -   ,cart,0.00,,0,0,0,0,0,0,0,0,0,0,0,0,10193.04
,"TONER CART, HP CE410A, (HP305), Black",  -   ,cart,0.00,,0,0,0,0,0,0,0,0,0,0,0,0,4201.60
,"TONER CART, HP CE411A, (HP305), Cyan",  -   ,cart,0.00,,0,0,0,0,0,0,0,0,0,0,0,0,6011.20
,"TONER CART, HP CE412A, (HP305), Yellow",  -   ,cart,0.00,,0,0,0,0,0,0,0,0,0,0,0,0,6011.20
,"TONER CART, HP CE413A, (HP305), Magenta",  -   ,cart,0.00,,0,0,0,0,0,0,0,0,0,0,0,0,6011.20
,"TONER CART, HP CE505A, Black",  -   ,cart,0.00,,0,0,0,0,0,0,0,0,0,0,0,0,4466.80
,"TONER CART, HP CE505X, Black, high cap",  -   ,cart,0.00,,0,0,0,0,0,0,0,0,0,0,0,0,7332.00
,"Toner Cartridge, HP CF217A (HP17A) Black Laser Jet",  -   ,cart,0.00,,0,0,0,0,0,0,0,0,0,0,0,0,3044.08
,"Toner Cartridge, HP CF226A (HP26A) Black LaserJet",  -   ,cart,0.00,,0,0,0,0,0,0,0,0,0,0,0,0,5787.60
,"Toner Cartridge, HP CF280A, LaserJet Pro M401/M425",  -   ,cart,0.00,,0,0,0,0,0,0,0,0,0,0,0,0,5200.00
,"TONER CART, HP CF280XC, Black",  -   ,cart,0.00,,0,0,0,0,0,0,0,0,0,0,0,0,9004.32
,"Toner Cartridge, HP CF281A (HP81A) Black LaserJet",  -   ,cart,0.00,,0,0,0,0,0,0,0,0,0,0,0,0,8606.00
,"Toner Cartridge, HP CF283A (HP83A) LaserJet Black",  -   ,cart,0.00,,0,0,0,0,0,0,0,0,0,0,0,0,3241.70
,"Toner Cartridge, HP CF283XC (HP83X) Black LJ",  -   ,cart,0.00,,0,0,0,0,0,0,0,0,0,0,0,0,4056.00
,"Toner Cartridge, HP CF287A (HP87) Black",  -   ,cart,0.00,,0,0,0,0,0,0,0,0,0,0,0,0,10051.00
,"Toner Cartridge, HP CF325XC (HP25X) Black LaserJet",  -   ,cart,0.00,,0,0,0,0,0,0,0,0,0,0,0,0,13156.00
,"Toner Cartridge, HP CF350A Black LJ",  -   ,cart,0.00,,0,0,0,0,0,0,0,0,0,0,0,0,2901.60
,"Toner Cartridge, HP CF351A Cyan LJ",  -   ,cart,0.00,,0,0,0,0,0,0,0,0,0,0,0,0,2953.60
,"Toner Cartridge, HP CF352A Yellow LJ",  -   ,cart,0.00,,0,0,0,0,0,0,0,0,0,0,0,0,2953.60
,"Toner Cartridge, HP CF353A Magenta LJ",  -   ,cart,0.00,,0,0,0,0,0,0,0,0,0,0,0,0,2953.60
,"Toner Cartridge, HP CF360A (HP508A) Black LaserJet",  -   ,cart,0.00,,0,0,0,0,0,0,0,0,0,0,0,0,7056.40
,"Toner Cartridge, HP CF361A (HP508A) Cyan LaserJet",  -   ,cart,0.00,,0,0,0,0,0,0,0,0,0,0,0,0,8846.24
,"Toner Cartridge, HP CF362A (HP508A) Yellow",  -   ,cart,0.00,,0,0,0,0,0,0,0,0,0,0,0,0,8846.24
,"Toner Cartridge, HP CF363A (HP508A) Magenta",  -   ,cart,0.00,,0,0,0,0,0,0,0,0,0,0,0,0,8846.24
,"Toner Cartridge, HP CF400A (HP201A) Black",  -   ,cart,0.00,,0,0,0,0,0,0,0,0,0,0,0,0,3429.78
,"Toner Cartridge, HP CF401A (HP201A) Cyan",  -   ,cart,0.00,,0,0,0,0,0,0,0,0,0,0,0,0,4043.83
,"Toner Cartridge, HP CF402A (HP201A) Yellow",  -   ,cart,0.00,,0,0,0,0,0,0,0,0,0,0,0,0,4043.83
,"Toner Cartridge, HP CF403A (HP201A) Magenta",  -   ,cart,0.00,,0,0,0,0,0,0,0,0,0,0,0,0,4043.83
,"Toner Cartridge, HP CF410A (HP410A) black",  -   ,cart,0.00,,0,0,0,0,0,0,0,0,0,0,0,0,4440.80
,"Toner Cartridge, HP CF410XC (HP410XC) black",  -   ,cart,0.00,,0,0,0,0,0,0,0,0,0,0,0,0,7441.20
,"Toner Cartridge, HP CF411A (HP410A) cyan",  -   ,cart,0.00,,0,0,0,0,0,0,0,0,0,0,0,0,5616.00
,"Toner Cartridge, HP CF411XC (HP410XC) cyan",  -   ,cart,0.00,,0,0,0,0,0,0,0,0,0,0,0,0,7472.40
,"Toner Cartridge, HP CF412A (HP410A) yellow",  -   ,cart,0.00,,0,0,0,0,0,0,0,0,0,0,0,0,5616.00
,"Toner Cartridge, HP CF412XC (HP410XC) yellow",  -   ,cart,0.00,,0,0,0,0,0,0,0,0,0,0,0,0,7472.40
,"Toner Cartridge, HP CF413A (HP410A) magenta",  -   ,cart,0.00,,0,0,0,0,0,0,0,0,0,0,0,0,5616.00
,"Toner Cartridge, HP CF413XC (HP410XC) magenta",  -   ,cart,0.00,,0,0,0,0,0,0,0,0,0,0,0,0,7472.40
,"TONER CART, HP Q2612A, Black",  -   ,cart,0.00,,0,0,0,0,0,0,0,0,0,0,0,0,4000.00
,"TONER CART, HP Q7553A, Black",  -   ,cart,0.00,,0,0,0,0,0,0,0,0,0,0,0,0,4399.20
,"TONER CART, SAMSUNG MLT-D101S, Black",  -   ,cart,0.00,,0,0,0,0,0,0,0,0,0,0,0,0,3406.00
,"TONER CART, SAMSUNG MLT-D103S, Black",  -   ,cart,0.00,,0,0,0,0,0,0,0,0,0,0,0,0,2350.40
,"TONER CART, SAMSUNG MLT-D104S, Black",  -   ,cart,0.00,,0,0,0,0,0,0,0,0,0,0,0,0,2454.40
,"TONER CART, SAMSUNG MLT-D105L, Black",  -   ,cart,0.00,,0,0,0,0,0,0,0,0,0,0,0,0,3380.00
,"TONER CART, Samsung MLT-D108S, Black",  -   ,cart,0.00,,0,0,0,0,0,0,0,0,0,0,0,0,2875.58
,"TONER CART, Samsung MLT-D203E, Black",  -   ,cart,0.00,,0,0,0,0,0,0,0,0,0,0,0,0,7259.20
,"TONER CART, Samsung MLT-D203L, Black",  -   ,cart,0.00,,0,0,0,0,0,0,0,0,0,0,0,0,3458.00
,"TONER CART, Samsung MLT-D203U, Black",  -   ,cart,0.00,,0,0,0,0,0,0,0,0,0,0,0,0,6442.80
,"TONER CART, SAMSUNG MLT-D205E, Black",  -   ,cart,0.00,,0,0,0,0,0,0,0,0,0,0,0,0,7321.14
,"TONER CART, SAMSUNG MLT-D205L, Black",  -   ,cart,0.00,,0,0,0,0,0,0,0,0,0,0,0,0,3962.24
,"TONER CART, SAMSUNG SCX-D6555A, Black",  -   ,cart,0.00,,0,0,0,0,0,0,0,0,0,0,0,0,4066.40
,"TONER CART, BROTHER TN-3478, Black",  -   ,cart,0.00,,0,0,0,0,0,0,0,0,0,0,0,0,6370.00
,"TONER CART, CANON CRG 324 II",  -   ,cart,0.00,,0,0,0,0,0,0,0,0,0,0,0,0,13399.36
AUDIO AND VISUAL EQUIPMENT AND SUPPLIES,,,,,,,,,,,,,,,,,,
,"DOCUMENT CAMERA, 8 MP",  -   ,unit,0.00,,0,0,0,0,0,0,0,0,0,0,0,0,25000.00
,MULTIMEDIA PROJECTOR,  -   ,unit,0.00,,0,0,0,0,0,0,0,0,0,0,0,0,25000.00
FLAG OR ACCESSORIES,,,,,,,,,,,,,,,,,,
,PHILIPPINE NATIONAL FLAG,  -   ,piece,0.00,,0,0,0,0,0,0,0,0,0,0,0,0,300.00
PRINTED PUBLICATIONS,,,,,,,,,,,,,,,,,,
,"HANDBOOK (RA 9184), 8th edition",  -   ,book,0.00,,0,0,0,0,0,0,0,0,0,0,0,0,37.21
FIRE FIGHTING EQUIPMENT,,,,,,,,,,,,,,,,,,
,"FIRE EXTINGUISHER, dry chemical",  -   ,unit,0.00,,0,0,0,0,0,0,0,0,0,0,0,0,1300.00
,"FIRE EXTINGUISHER, pure HCFC",  -   ,unit,0.00,,0,0,0,0,0,0,0,0,0,0,0,0,6000.00
CONSUMER ELECTRONICS,,,,,,,,,,,,,,,,,,
,DIGITAL VOICE RECORDER,  -   ,unit,0.00,,0,0,0,0,0,0,0,0,0,0,0,0,7000.00
FURNITURE AND FURNISHINGS,,,,,,,,,,,,,,,,,,
,"MONOBLOC CHAIR, beige",  -   ,piece,0.00,,0,0,0,0,0,0,0,0,0,0,0,0,400.00
,"MONOBLOC CHAIR, white",  -   ,piece,0.00,,0,0,0,0,0,0,0,0,0,0,0,0,400.00
,"MONOBLOC TABLE, white",  -   ,unit,0.00,,0,0,0,0,0,0,0,0,0,0,0,0,1500.00
,"MONOBLOC TABLE, beige",  -   ,unit,0.00,,0,0,0,0,0,0,0,0,0,0,0,0,1500.00
ARTS AND CRAFTS EQUIPMENT AND ACCESSORIES AND SUPPLIES,,,,,,,,,,,,,,,,,,
,"CLEARBOOK, 20 Transparent pockets, A4",  -   ,piece,0.00,,0,0,0,0,0,0,0,0,0,0,0,0,80.00
,"CLEARBOOK, 20 Transparent pockets, Legal",  -   ,piece,0.00,,0,0,0,0,0,0,0,0,0,0,0,0,100.00
,"ERASER, plastic/rubber",  -   ,piece,0.00,,0,0,0,0,0,0,0,0,0,0,0,0,20.00
,"SIGN PEN, black",  -   ,piece,0.00,,0,0,0,0,0,0,0,0,0,0,0,0,100.00
,"SIGN PEN, blue",  -   ,piece,0.00,,0,0,0,0,0,0,0,0,0,0,0,0,100.00
,"SIGN PEN, red",  -   ,piece,0.00,,0,0,0,0,0,0,0,0,0,0,0,0,100.00
,"WRAPPING PAPER, kraft",  -   ,pack,0.00,,0,0,0,0,0,0,0,0,0,0,0,0,200.00
FACE MASK,,,,,,,,,,,,,,,,,,
,KN95 FACE MASK,  -   ,piece,0.00,,0,0,0,0,0,0,0,0,0,0,0,0,150.00
,"SURGICAL MASK, 3 ply",  -   ,piece,0.00,,0,0,0,0,0,0,0,0,0,0,0,0,3.00
SOFTWARE,,,,,,,,,,,,,,,,,,
,Business function specific software,  -   ,license,0.00,,0,0,0,0,0,0,0,0,0,0,0,0,0.00
,Finance accounting and enterprise resource planning ERP software,  -   , license ,0.00,,0,0,0,0,0,0,0,0,0,0,0,0,0.00
,Computer game or entertainment software,  -   , license ,0.00,,0,0,0,0,0,0,0,0,0,0,0,0,0.00
,Content authoring and editing software,  -   , license ,0.00,,0,0,0,0,0,0,0,0,0,0,0,0,0.00
,Content management software,  -   , license ,0.00,,0,0,0,0,0,0,0,0,0,0,0,0,0.00
,Data management and query software,  -   , license ,0.00,,0,0,0,0,0,0,0,0,0,0,0,0,0.00
,Development software,  -   , license ,0.00,,0,0,0,0,0,0,0,0,0,0,0,0,0.00
,Educational or reference software,  -   , license ,0.00,,0,0,0,0,0,0,0,0,0,0,0,0,0.00
,Industry specific software,  -   , license ,0.00,,0,0,0,0,0,0,0,0,0,0,0,0,0.00
,Network applications software,  -   , license ,0.00,,0,0,0,0,0,0,0,0,0,0,0,0,0.00
,Network management software,  -   , license ,0.00,,0,0,0,0,0,0,0,0,0,0,0,0,0.00
,Networking software,  -   , license ,0.00,,0,0,0,0,0,0,0,0,0,0,0,0,0.00
,Operating environment software,  -   , license ,0.00,,0,0,0,0,0,0,0,0,0,0,0,0,0.00
,Security and protection software,  -   ,license,0.00,,0,0,0,0,0,0,0,0,0,0,0,0,0.00
,Utility and device driver software,  -   ,license,0.00,,0,0,0,0,0,0,0,0,0,0,0,0,0.00
,Information exchange software,  -   ,license,0.00,,0,0,0,0,0,0,0,0,0,0,0,0,0.00
PART II. OTHER ITEMS NOT AVALABLE AT PS-DBM BUT ARE REGULARLY PURCHASED FROM OTHER SOURCES (Note: Please indicate price of items),,,,,,,,,,,,,,,,,,
,"Air Conditioning Unit, Window Inverter Type",  -   ,,0.00,,,,,,,,,,,,,,0.00
,"Air Conditioning Unit, Split Type",  -   ,,0.00,,,,,,,,,,,,,,0.00
,White Board,  -   ,,0.00,,,,,,,,,,,,,,0.00
,"White Board, Digital",  -   ,,0.00,,,,,,,,,,,,,,0.00
,SMART Television,  -   ,,0.00,,,,,,,,,,,,,,0.00
,Microphone,  -   ,,0.00,,,,,,,,,,,,,,0.00
,Speakers,  -   ,,0.00,,,,,,,,,,,,,,0.00
,Amplifier,  -   ,,0.00,,,,,,,,,,,,,,0.00
,Equalizer,  -   ,,0.00,,,,,,,,,,,,,,0.00
,HD Camera,  -   ,,0.00,,,,,,,,,,,,,,0.00
,DSLR Camera,  -   ,,0.00,,,,,,,,,,,,,,0.00
,HD Video Camera,  -   ,,0.00,,,,,,,,,,,,,,0.00
,Video Conference Equipment,  -   ,,0.00,,,,,,,,,,,,,,0.00
,LED bulb,  -   ,,0.00,,,,,,,,,,,,,,0.00
,"PRINTER, Inkjet, Monochrome",  -   ,,0.00,,,,,,,,,,,,,,0.00
,"PRINTER, Inkjet, Color",  -   ,,0.00,,,,,,,,,,,,,,0.00
,Portable Printer,  -   ,,0.00,,,,,,,,,,,,,,0.00
,Android Tablet,  -   ,,0.00,,,,,,,,,,,,,,0.00
,Hub/Switches,  -   ,,0.00,,,,,,,,,,,,,,0.00
,Network Routers,  -   ,,0.00,,,,,,,,,,,,,,0.00
,Wireless Access Point,  -   ,,0.00,,,,,,,,,,,,,,0.00
,"Scanner, Flatbed",  -   ,,0.00,,,,,,,,,,,,,,0.00
,Wireless Pointing Device / Laser Pointer,  -   ,,0.00,,,,,,,,,,,,,,0.00
,Multi Function PRINTER,  -   ,,0.00,,,,,,,,,,,,,,0.00
,UNINTERRUPTIBLE POWER SUPPLY (UPS),  -   ,,0.00,,,,,,,,,,,,,,0.00
,Mobile Phone,  -   ,,0.00,,,,,,,,,,,,,,0.00
,"Scanner, Colored, Double sided, feeder type",  -   ,,0.00,,,,,,,,,,,,,,0.00
,"GO BAG, for disaster relief, rescue operations",  -   ,,0.00,,,,,,,,,,,,,,0.00
,Solar Panel,  -   ,,0.00,,,,,,,,,,,,,,0.00
,"Life Vest / Life Jacket 
(for emergency purposes / emergency preparedness / for disaster relief / rescue operations)",  -   ,,0.00,,,,,,,,,,,,,,0.00
,Charge Controller and DC Inverter for Solar Panel,  -   ,,0.00,,,,,,,,,,,,,,0.00
,Bullet proof vest,  -   ,,0.00,,,,,,,,,,,,,,0.00
,"Wheels, _____ (type of vehicle)",  -   ,,0.00,,,,,,,,,,,,,,0.00
,Fuel Filters,  -   ,,0.00,,,,,,,,,,,,,,0.00
,Drinking Water/ Fountain,  -   ,,0.00,,,,,,,,,,,,,,0.00
,Auto Battery,  -   ,,0.00,,,,,,,,,,,,,,0.00
,,  -   ,,0.00,,,,,,,,,,,,,,0.00
COMMON ELECTRICAL SUPPLIES,,,,,,,,,,,,,,,,,,
,"Air Conditioning Unit, Split Type, with Installation, 3HP",  -   ,unit,  -   ,,,,,,,,,,,,,,
,"Air Conditioning Unit, Window Inverter Type, 3HP",  -   ,unit,  -   ,,,,,,,,,,,,,,
,"BALLAST, electronic, 20 watts",  -   ,piece ,  -   ,,,,,,,,,,,,,,  600.00 
,"BALLAST, electronic, 40 watts",  -   ,piece ,  -   ,,,,,,,,,,,,,,  700.00 
,"BULB, ESL, U-bulb, 18 watts",  -   ,box,  -   ,,,,,,,,,,,,,,  300.00 
,EMERGENCY LIGHT LED,  -   ,unit ,  -   ,,,,,,,,,,,,,,"  2,500.00 "
,"EXTENSION WIRE, 3 gang, 10m wire, heavy duty",  -   ,set,  -   ,,,,,,,,,,,,,,"  1,000.00 "
,"EXTENSION WIRE, 4 gang, 10m wire, heavy duty",  -   ,set,  -   ,,,,,,,,,,,,,,"  1,000.00 "
,"FLASHLIGHT, cs-5671 LED Rechargeable Emergency Lamp, 100,000 hour Life Span, 4000mah rechargeable battery, used in patrol, camping, hiking, etc…",  -   ,unit,  -   ,,,,,,,,,,,,,,"  1,500.00 "
,FLUORESCENT HOLDER,  -   ,piece ,  -   ,,,,,,,,,,,,,,  100.00 
,FLUORESCENT STARTER,  -   ,box,  -   ,,,,,,,,,,,,,,  300.00 
,"FLUORESCENT TUBE, 20 watts",  -   ,box,  -   ,,,,,,,,,,,,,,  200.00 
,"FLUORESCENT TUBE, 40 watts",  -   ,box,  -   ,,,,,,,,,,,,,,  250.00 
,"FUSE, 200 ampere",  -   ,piece ,  -   ,,,,,,,,,,,,,,  650.00 
,"FUSE, 200 ampere (knife)",  -   ,piece ,  -   ,,,,,,,,,,,,,,  850.00 
,"FUSE, 400 ampere",  -   ,piece ,  -   ,,,,,,,,,,,,,,  700.00 
,"FUSE, 400 ampere (knife)",  -   ,piece ,  -   ,,,,,,,,,,,,,,  900.00 
,"MAGNETIC CONTRACTOR, 90 amp",  -   ,piece ,  -   ,,,,,,,,,,,,,,"  1,500.00 "
,"SOLDERING LEAD, 0.3mm Dia",  -   ,roll ,  -   ,,,,,,,,,,,,,,"  1,600.00 "
,"TAPE, electrical, 24mm, 50m",  -   ,roll ,  -   ,,,,,,,,,,,,,,  150.00 
,THHN #10 (stranded),  -   ,box,  -   ,,,,,,,,,,,,,,"  7,500.00 "
,THHN #12 (stranded),  -   ,box,  -   ,,,,,,,,,,,,,,"  6,000.00 "
,"WIRE, duplex, # 16",  -   ,spool,  -   ,,,,,,,,,,,,,,"  4,500.00 "
,"WIRE, duplex, # 18",  -   ,spool,  -   ,,,,,,,,,,,,,,"  5,500.00 "
,,  -   ,,  -   ,,,,,,,,,,,,,,
,,  -   ,,  -   ,,,,,,,,,,,,,,
COMMON OFFICE EQUIPMENT,,  -   ,,,,,,,,,,,,,,,,
,"COPIER, Monochrome",  -   ,unit,  -   ,,,,,,,,,,,,,,"  100,000.00 "
,"DISPENSER, Water, Hot and Cold",  -   ,unit,  -   ,,,,,,,,,,,,,,"  6,000.00 "
,"LAMINATING MACHINE, heavy duty",  -   ,unit,  -   ,,,,,,,,,,,,,,"  8,000.00 "
,"MULTIMEDIA PROJECTOR, 3500 min ANSI Lumens",  -   ,unit,  -   ,,,,,,,,,,,,,,"  25,000.00 "
,"REFRIGERATOR, 8 cu. ft",  -   ,set,  -   ,,,,,,,,,,,,,,"  20,000.00 "
,"TELEVISION, SMART, 50""",  -   ,unit,  -   ,,,,,,,,,,,,,,"  50,000.00 "
,White Board,  -   ,unit,  -   ,,,,,,,,,,,,,,"  9,000.00 "
,"White Board, Digital",  -   ,unit,  -   ,,,,,,,,,,,,,,"  250,000.00 "
,,  -   ,,  -   ,,,,,,,,,,,,,,
,,  -   ,,  -   ,,,,,,,,,,,,,,
,,  -   ,,  -   ,,,,,,,,,,,,,,
COMMON OFFICE SUPPLIES,,,,,,,,,,,,,,,,,,
,"AIR FRESHENER, aerosol, 330 mL",  -   ,bottle,  -   ,,,,,,,,,,,,,,  350.00 
,"CARTOLINA BOARD, assorted colors, 250gsm",  -   ,piece,  -   ,,,,,,,,,,,,,,  30.00 
,"CARTOLINA, white color, 20s/pack",  -   ,pack,  -   ,,,,,,,,,,,,,,  200.00 
,"CERTIFICATE HOLDER, 8.5 x 11, board w/ plastic",  -   ,piece,  -   ,,,,,,,,,,,,,,  100.00 
,"CERTIFICATE HOLDER, FRAME, 8.5 x 11, wooden",  -   ,piece,  -   ,,,,,,,,,,,,,,  200.00 
,"CHALK, colored, 12 colors per box",  -   ,box,  -   ,,,,,,,,,,,,,,  200.00 
,"CLASS RECORD, Secondary Level: Rubric",  -   ,piece,  -   ,,,,,,,,,,,,,,  60.00 
,"CLIP, backfold, 25mm",  -   ,piece,  -   ,,,,,,,,,,,,,,  5.00 
,"CLIP, backfold, 32mm",  -   ,piece,  -   ,,,,,,,,,,,,,,  8.00 
,"CLIP, backfold, 41mm",  -   ,piece,  -   ,,,,,,,,,,,,,,  10.00 
,"CLIP, backfold, 50mm",  -   ,piece,  -   ,,,,,,,,,,,,,,  15.00 
,"COLUMNAR BOOK, 3 columns",  -   ,piece ,  -   ,,,,,,,,,,,,,,  100.00 
,"CORK BOARD, with metal frame, 3' x 5'",  -   ,unit ,  -   ,,,,,,,,,,,,,,"  2,000.00 "
,"CORRECTION FLUID, 30mL",  -   ,bottle ,  -   ,,,,,,,,,,,,,,  40.00 
,"CORRECTION PEN, 3.5mL",  -   ,piece,  -   ,,,,,,,,,,,,,,  80.00 
,"CORRECTION PEN, 7mL",  -   ,piece,  -   ,,,,,,,,,,,,,,  90.00 
,"DATA FILE BOX, made with clip board, with close ends, short, double",  -   ,piece,  -   ,,,,,,,,,,,,,,  150.00 
,"DATA FILE BOX, made with clip board, with close ends, legal, double",  -   ,piece,  -   ,,,,,,,,,,,,,,  200.00 
,"ENVELOPE, BROWN, for legal size document",  -   ,piece,  -   ,,,,,,,,,,,,,,  13.00 
,"ENVELOPE, BROWN, for short size document",  -   ,piece,  -   ,,,,,,,,,,,,,,  9.00 
,"ENVELOPE, EXPANDING, for legal size documents",  -   ,piece,  -   ,,,,,,,,,,,,,,  30.00 
,"ENVELOPE, PLASTIC, for legal size document",  -   ,piece,  -   ,,,,,,,,,,,,,,  25.00 
,"ENVELOPE, PLASTIC, for short size document",  -   ,piece,  -   ,,,,,,,,,,,,,,  20.00 
,"ERASER, Rubber, ordinary",  -   ,piece,  -   ,,,,,,,,,,,,,,  5.00 
,"ERASER, Rubber, white",  -   ,piece,  -   ,,,,,,,,,,,,,,  30.00 
,"FASTENER, for paper, vinyl coated, 50 sets per box",  -   ,box,  -   ,,,,,,,,,,,,,,  60.00 
,"FILER, Lever Arch, 3""",  -   ,piece,  -   ,,,,,,,,,,,,,,  300.00 
,"FOLDER JACKET, Plastic, legal size ",  -   ,piece,  -   ,,,,,,,,,,,,,,  20.00 
,"FOLDER JACKET, Plastic, short size ",  -   ,piece,  -   ,,,,,,,,,,,,,,  15.00 
,"FOLDER, 14pt, colored, 8.5"" x 11""",  -   ,piece,  -   ,,,,,,,,,,,,,,  6.00 
,"FOLDER, 14pt, colored, 8.5"" x 13""",  -   ,piece,  -   ,,,,,,,,,,,,,,  8.00 
,"FOLDER, 14pt, dark green, 8.5"" x 13""",  -   ,piece,  -   ,,,,,,,,,,,,,,  8.00 
,"FOLDER, 14pt, pink, 8.5"" x 13""",  -   ,piece,  -   ,,,,,,,,,,,,,,  8.00 
,"FOLDER, 14pt, white, 8.5"" x 11""",  -   ,piece,  -   ,,,,,,,,,,,,,,  6.00 
,"FOLDER, 14pt, white, 8.5"" x 13""",  -   ,piece,  -   ,,,,,,,,,,,,,,  8.00 
,"FOLDER, EXPANDING, for legal size document, green",  -   ,piece,  -   ,,,,,,,,,,,,,,  50.00 
,"GLUE, all purpose, 130g",  -   ,jar,  -   ,,,,,,,,,,,,,,  60.00 
,ID SLING,  -   ,each,  -   ,,,,,,,,,,,,,,  25.00 
,"INK, Refill, PERMANENT MARKER blue",  -   ,bottle,  -   ,,,,,,,,,,,,,,  150.00 
,"INK, Refill, PERMANENT MARKER red",  -   ,bottle,  -   ,,,,,,,,,,,,,,  150.00 
,"INK, Refill, PERMANENT MARKER, black",  -   ,bottle,  -   ,,,,,,,,,,,,,,  150.00 
,"INK, Refill, WHITEBOARD black",  -   ,bottle,  -   ,,,,,,,,,,,,,,  200.00 
,"INK, Refill, WHITEBOARD blue",  -   ,bottle,  -   ,,,,,,,,,,,,,,  200.00 
,"INK, Refill, WHITEBOARD red",  -   ,bottle,  -   ,,,,,,,,,,,,,,  200.00 
,"LAMINATING POUCH, 250mic-80mm-110mm, 100s per box",  -   ,box,  -   ,,,,,,,,,,,,,,  600.00 
,"LAMINATING POUCH, A4 size, 250 microns",  -   ,box,  -   ,,,,,,,,,,,,,,"  1,500.00 "
,"MARKER, Flourescent, blue",  -   ,piece,  -   ,,,,,,,,,,,,,,  100.00 
,"MARKER, Flourescent, green",  -   ,piece,  -   ,,,,,,,,,,,,,,  100.00 
,"MARKER, Flourescent, neon green",  -   ,piece,  -   ,,,,,,,,,,,,,,  100.00 
,"MARKER, Flourescent, neon orange",  -   ,piece,  -   ,,,,,,,,,,,,,,  100.00 
,"MARKER, Flourescent, neon yellow",  -   ,piece,  -   ,,,,,,,,,,,,,,  100.00 
,"MARKER, Flourescent, orange",  -   ,piece,  -   ,,,,,,,,,,,,,,  100.00 
,"MARKER, Flourescent, pink",  -   ,piece,  -   ,,,,,,,,,,,,,,  100.00 
,"MARKER, Flourescent, yellow",  -   ,piece,  -   ,,,,,,,,,,,,,,  100.00 
,"MARKER, Flourescent, yellow green",  -   ,piece,  -   ,,,,,,,,,,,,,,  100.00 
,"MARKER, PERMANENT, broad type, black",  -   ,piece,  -   ,,,,,,,,,,,,,,  100.00 
,"MARKER, PERMANENT, broad type, blue",  -   ,piece,  -   ,,,,,,,,,,,,,,  100.00 
,"MARKER, PERMANENT, broad type, red",  -   ,piece,  -   ,,,,,,,,,,,,,,  100.00 
,"MARKER, PERMANENT, REFILLABLE bullet type, black",  -   ,piece,  -   ,,,,,,,,,,,,,,  100.00 
,"MARKER, PERMANENT, REFILLABLE bullet type, blue",  -   ,piece,  -   ,,,,,,,,,,,,,,  100.00 
,"MARKER, PERMANENT, REFILLABLE bullet type, red",  -   ,piece,  -   ,,,,,,,,,,,,,,  100.00 
,"MARKER, WHITEBOARD, REFILLABLE bullet type, black",  -   ,piece,  -   ,,,,,,,,,,,,,,  100.00 
,"MARKER, WHITEBOARD, REFILLABLE bullet type, blue",  -   ,piece,  -   ,,,,,,,,,,,,,,  100.00 
,"MARKER, WHITEBOARD, REFILLABLE bullet type, red",  -   ,piece,  -   ,,,,,,,,,,,,,,  100.00 
,"NOTE PAD, stick on, 2"" x 3"", assorted colors per pad",  -   ,pad,  -   ,,,,,,,,,,,,,,  40.00 
,"NOTE PAD, stick on, 2"" x 3"", one color",  -   ,pad,  -   ,,,,,,,,,,,,,,  40.00 
,"NOTE PAD, stick on, 3"" x 3"", assorted colors per pad",  -   ,pad,  -   ,,,,,,,,,,,,,,  50.00 
,"NOTE PAD, stick on, 3"" x 3"", one color",  -   ,pad,  -   ,,,,,,,,,,,,,,  50.00 
,"NOTE PAD, stick on, 3"" x 4"", assorted colors per pad",  -   ,pad,  -   ,,,,,,,,,,,,,,  60.00 
,"NOTE PAD, stick on, 3"" x 4"", one color",  -   ,pad,  -   ,,,,,,,,,,,,,,  60.00 
,"NOTEBOOK, spring, 80 leaves, small",  -   ,piece,  -   ,,,,,,,,,,,,,,  30.00 
,"NOTEBOOK, with yarn, 80 pages, big",  -   ,piece,  -   ,,,,,,,,,,,,,,  50.00 
,"PADLOCK, bronze, big",  -   ,piece,  -   ,,,,,,,,,,,,,,  300.00 
,PAPER for Transcript of Records,  -   ,ream,  -   ,,,,,,,,,,,,,,"  8,000.00 "
,"PAPER, COLORED, 80 gsm, 8.5"" x 11"", assorted color per pack, 250 sheets",  -   ,pack,  -   ,,,,,,,,,,,,,,  300.00 
,"PAPER, COLORED, 80 gsm, 8.5"" x 13"", assorted color per pack, 250 sheets",  -   ,pack,  -   ,,,,,,,,,,,,,,  400.00 
,"PAPER, COLORED, 80 gsm, 8.5"" x 13"", Blue, 250 sheets",  -   ,pack,  -   ,,,,,,,,,,,,,,  400.00 
,"PAPER, COLORED, 80 gsm, 8.5"" x 13"", Green, 250 sheets",  -   ,pack,  -   ,,,,,,,,,,,,,,  400.00 
,"PAPER, COLORED, 80 gsm, 8.5"" x 13"", Orange, 250 sheets",  -   ,pack,  -   ,,,,,,,,,,,,,,  400.00 
,"PAPER, COLORED, 80 gsm, 8.5"" x 13"", Pink, 250 sheets",  -   ,pack,  -   ,,,,,,,,,,,,,,  400.00 
,"PAPER, COLORED, 80 gsm, 8.5"" x 13"", Yellow, 250 sheets",  -   ,pack,  -   ,,,,,,,,,,,,,,  400.00 
,"PAPER, mimeo, 8.5"" x 13""",  -   ,ream,  -   ,,,,,,,,,,,,,,  200.00 
,"PAPER, Multi-Purpose (COPY) Letter, 70 gsm",  -   ,ream,  -   ,,,,,,,,,,,,,,  220.00 
,"PAPER, w/ Page Border, 80gsm, A4, 10s/pack",  -   ,pack,  -   ,,,,,,,,,,,,,,  100.00 
,"PEN, ballpoint, metal tip 0.3mm, black",  -   ,piece,  -   ,,,,,,,,,,,,,,  100.00 
,"PEN, ballpoint, metal tip 0.3mm, blue",  -   ,piece,  -   ,,,,,,,,,,,,,,  100.00 
,"PEN, ballpoint, metal tip 0.3mm, red",  -   ,piece,  -   ,,,,,,,,,,,,,,  100.00 
,"PEN, ballpoint, metal tip 0.4mm, black",  -   ,piece,  -   ,,,,,,,,,,,,,,  100.00 
,"PEN, ballpoint, metal tip 0.4mm, blue",  -   ,piece,  -   ,,,,,,,,,,,,,,  100.00 
,"PEN, ballpoint, metal tip 0.4mm, red",  -   ,piece,  -   ,,,,,,,,,,,,,,  100.00 
,"PEN, ballpoint, metal tip 0.5mm, liquid gel, black",  -   ,piece,  -   ,,,,,,,,,,,,,,  30.00 
,"PEN, ballpoint, metal tip 0.5mm, liquid gel, blue",  -   ,piece,  -   ,,,,,,,,,,,,,,  30.00 
,"PEN, ballpoint, metal tip 0.5mm, liquid gel, red",  -   ,piece,  -   ,,,,,,,,,,,,,,  30.00 
,"PEN, ballpoint, metal tip 0.5mm, ordinary, black",  -   ,piece,  -   ,,,,,,,,,,,,,,  15.00 
,"PEN, ballpoint, metal tip 0.5mm, ordinary, blue",  -   ,piece,  -   ,,,,,,,,,,,,,,  15.00 
,"PEN, ballpoint, metal tip 0.5mm, ordinary, red",  -   ,piece,  -   ,,,,,,,,,,,,,,  15.00 
,"PEN, Fine Line 0.8mm",  -   ,piece,  -   ,,,,,,,,,,,,,,  100.00 
,"PEN, Rollerball, 1.0mm",  -   ,piece,  -   ,,,,,,,,,,,,,,  100.00 
,"PEN, REFILL, ballpoint, metal tip 0.3mm, black",  -   ,piece,  -   ,,,,,,,,,,,,,,  95.00 
,"PEN, REFILL, ballpoint, metal tip 0.3mm, blue",  -   ,piece,  -   ,,,,,,,,,,,,,,  95.00 
,"PEN, REFILL, ballpoint, metal tip 0.3mm, red",  -   ,piece,  -   ,,,,,,,,,,,,,,  95.00 
,"PEN, REFILL, ballpoint, metal tip 0.4mm, black",  -   ,piece,  -   ,,,,,,,,,,,,,,  95.00 
,"PEN, REFILL, ballpoint, metal tip 0.4mm, blue",  -   ,piece,  -   ,,,,,,,,,,,,,,  95.00 
,"PEN, REFILL, ballpoint, metal tip 0.4mm, red",  -   ,piece,  -   ,,,,,,,,,,,,,,  95.00 
,"PEN, REFILL, ballpoint, metal tip 0.5mm, liquid gel, black",  -   ,piece,  -   ,,,,,,,,,,,,,,  30.00 
,"PEN, REFILL, ballpoint, metal tip 0.5mm, liquid gel, blue",  -   ,piece,  -   ,,,,,,,,,,,,,,  30.00 
,"PEN, REFILL, ballpoint, metal tip 0.5mm, liquid gel, red",  -   ,piece,  -   ,,,,,,,,,,,,,,  30.00 
,"PENCIL, lead, w/ eraser, #2",  -   ,piece,  -   ,,,,,,,,,,,,,,  15.00 
,"PENCIL, lead, w/ eraser, #2, 0ne(1) dozen per box",  -   ,box,  -   ,,,,,,,,,,,,,,  150.00 
,"PHOTOPAPER, semi glossy, 20s, 230gsm",  -   ,pack,  -   ,,,,,,,,,,,,,,  200.00 
,"PLASTIC COVER, G-8 thickness, hard",  -   ,meter,  -   ,,,,,,,,,,,,,,  25.00 
,"PUSH PIN, assorted color, 50 pieces per case",  -   ,case,  -   ,,,,,,,,,,,,,,  50.00 
,"RING BINDER, adventure, (1/2”dia; 1 m long)",  -   ,piece,  -   ,,,,,,,,,,,,,,  25.00 
,"RING BINDER, adventure, (1/4” dia; 1 m long)",  -   ,piece,  -   ,,,,,,,,,,,,,,  20.00 
,"RING BINDER, adventure, (3/4” dia; 1 m long)",  -   ,piece,  -   ,,,,,,,,,,,,,,  30.00 
,"RING BINDER, adventure, (3/8” dia; 1 m long)",  -   ,piece,  -   ,,,,,,,,,,,,,,  20.00 
,"RULER, 40cm 16 Inches Length Measure Clear Plastic Straight Edge",  -   ,piece,  -   ,,,,,,,,,,,,,,  95.00 
,"RULER, plastic, 450mm, 1 piece in individual plastic",  -   ,piece,  -   ,,,,,,,,,,,,,,  30.00 
,"RULER, stainless/aluminum, 12inches",  -   ,piece,  -   ,,,,,,,,,,,,,,  100.00 
,"SCISSORS, 6"", stainless steel",  -   ,pair,  -   ,,,,,,,,,,,,,,  200.00 
,"SPECIAL PAPER, 200 gsm, 8.5"" x 11""",  -   ,pack,  -   ,,,,,,,,,,,,,,  50.00 
,"SPECIAL PAPER, 200 gsm, 8.5” x 13”, white",  -   ,pack,  -   ,,,,,,,,,,,,,,  60.00 
,"SPECIAL PAPER, 200 gsm, 8.5” x 13”, blue",  -   ,pack,  -   ,,,,,,,,,,,,,,  60.00 
,"SPECIAL PAPER, 200 gsm, 8.5” x 13”, cream",  -   ,pack,  -   ,,,,,,,,,,,,,,  60.00 
,"SPECIAL PAPER, 200 gsm, 8.5” x 13”, ivory",  -   ,pack,  -   ,,,,,,,,,,,,,,  60.00 
,"SPECIAL PAPER, 80 gsm, light blue, 8.5"" x 11""",  -   ,pack,  -   ,,,,,,,,,,,,,,  50.00 
,"SPECIAL PAPER, 80 gsm, light green, 8.5"" x 11""",  -   ,pack,  -   ,,,,,,,,,,,,,,  50.00 
,"SPECIAL PAPER, 90 gsm, white, 8.5"" x 13""",  -   ,pack,  -   ,,,,,,,,,,,,,,  60.00 
,"STAPLE WIRE, #10",  -   ,box,  -   ,,,,,,,,,,,,,,  12.00 
,"STAPLER, Standard, Long Arm",  -   ,unit,  -   ,,,,,,,,,,,,,,"  2,000.00 "
,"STICKER, PAPER, non-glossy, 8.5"" x 13"", 10pcs/pack",  -   ,pack,  -   ,,,,,,,,,,,,,,  80.00 
,"STYROFOAM, 1/2 x 24 , 48",  -   ,sheet,  -   ,,,,,,,,,,,,,,  250.00 
,"TAPE, Double-sided adhesive, 24mm x 5m, with foam",  -   ,roll ,  -   ,,,,,,,,,,,,,,  200.00 
,"TAPE, Double-sided adhesive, 24mm x 5m, without foam",  -   ,roll ,  -   ,,,,,,,,,,,,,,  150.00 
,,  -   ,,  -   ,,,,,,,,,,,,,,
,,  -   ,,  -   ,,,,,,,,,,,,,,
,,  -   ,,  -   ,,,,,,,,,,,,,,
,,  -   ,,  -   ,,,,,,,,,,,,,,
,,  -   ,,  -   ,,,,,,,,,,,,,,
,,  -   ,,  -   ,,,,,,,,,,,,,,
COMMON JANITORIAL SUPPLIES,,,,,,,,,,,,,,,,,,
,"AIR FRESHENER, liquid",  -   ,gallon,  -   ,,,,,,,,,,,,,,  350.00 
,"CONDITIONER, Fabric, 900ml",  -   ,bottle ,  -   ,,,,,,,,,,,,,,  450.00 
,"FACE MASK, Disposable, Anti Dust/Pollution Mouth & Nose, 3 ply, 50pcs/box",  -   ,box,  -   ,,,,,,,,,,,,,,  250.00 
,"FLOOR WAX, liquid type, ",  -   ,can,  -   ,,,,,,,,,,,,,,  300.00 
,"FLOOR WAX, Paste",  -   ,box,  -   ,,,,,,,,,,,,,,  150.00 
,"GLASS CLEANER, 320mL",  -   ,bottle,  -   ,,,,,,,,,,,,,,  150.00 
,GLASS WIPER,  -   ,piece,  -   ,,,,,,,,,,,,,,  200.00 
,"MOP set, head and handle",  -   ,set,  -   ,,,,,,,,,,,,,,  250.00 
,"MOP HEAD, Universal Mop Head Refill Rotating Spin Mops Microfibers Round 16mm Mopping Head Microfiber",  -   ,piece,  -   ,,,,,,,,,,,,,,  100.00 
,"MOPHANDLE, screw type, wooden handle",  -   ,piece,  -   ,,,,,,,,,,,,,,  200.00 
,"MURIATIC ACID, 1liter",  -   ,liter,  -   ,,,,,,,,,,,,,,  150.00 
,"PAIL, Plastic, Medium Size",  -   ,piece,  -   ,,,,,,,,,,,,,,  150.00 
,"RAG, all cotton, oval, big (doormat)",  -   ,piece,  -   ,,,,,,,,,,,,,,  60.00 
,"RAG, all cotton, round, small",  -   ,piece,  -   ,,,,,,,,,,,,,,  2.00 
,"SOAP, Liquid, for hands",  -   ,bottle,  -   ,,,,,,,,,,,,,,  200.00 
,"SPIN MOP SET, Microfiber head, with Bucket",  -   ,set,  -   ,,,,,,,,,,,,,,"  1,500.00 "
,"TOILET TISSUE, 2-ply",  -   ,roll ,  -   ,,,,,,,,,,,,,,  20.00 
,"TRASHBAG, plastic, black, XL, 10 pcs per pack per roll",  -   ,roll ,  -   ,,,,,,,,,,,,,,  200.00 
,"TRASHBIN, big",  -   ,piece,  -   ,,,,,,,,,,,,,,  400.00 
,,  -   ,,  -   ,,,,,,,,,,,,,,
,,  -   ,,  -   ,,,,,,,,,,,,,,
,,  -   ,,  -   ,,,,,,,,,,,,,,
,,  -   ,,  -   ,,,,,,,,,,,,,,
,,  -   ,,  -   ,,,,,,,,,,,,,,
CONSUMABLES,,,,,,,,,,,,,,,,,,
,"INK CART, Epson, T664",  -   ,set,  -   ,,,,,,,,,,,,,,"  1,300.00 "
,"INK CART, Epson, T003",  -   ,set,  -   ,,,,,,,,,,,,,,"  1,500.00 "
,"INK CART, Epson, T003, Cyan",  -   ,cart,  -   ,,,,,,,,,,,,,,  350.00 
,"INK CART, Epson, T003, Magenta",  -   ,cart,  -   ,,,,,,,,,,,,,,  350.00 
,"INK CART, Epson, T003, Yellow",  -   ,cart,  -   ,,,,,,,,,,,,,,  350.00 
,"INK CART, Epson, T003, Black",  -   ,cart,  -   ,,,,,,,,,,,,,,  350.00 
,"INK CART, Epson, C13T03Y200, Cyan",  -   ,cart,  -   ,,,,,,,,,,,,,,  380.00 
,"INK CART, Epson, C13T03Y300, Magenta",  -   ,cart,  -   ,,,,,,,,,,,,,,  380.00 
,"INK CART, Epson, C13T03Y400, Yellow",  -   ,cart,  -   ,,,,,,,,,,,,,,  380.00 
,"INK CART, Epson, C13T03Y100, Black",  -   ,cart,  -   ,,,,,,,,,,,,,,  600.00 
,"RIBBON CART, for LX300",  -   ,cart,  -   ,,,,,,,,,,,,,,  250.00 
,"TONER CART, HP CF219A, Black",  -   ,cart,  -   ,,,,,,,,,,,,,,"  3,800.00 "
,"TONER CART, HP126A",  -   ,cart,  -   ,,,,,,,,,,,,,,"  3,000.00 "
,"TONER CART, Kyocera Toner for 221/220/181/180 (TK-439)",  -   ,cart,  -   ,,,,,,,,,,,,,,"  7,000.00 "
,"TONER CART, Kyocera-TK 4109",  -   ,cart,  -   ,,,,,,,,,,,,,,"  7,000.00 "
,"TONER CART, OPT210A, Black",  -   ,cart,  -   ,,,,,,,,,,,,,,"  3,000.00 "
,"TONER CART, OPT211A, Cyan",  -   ,cart,  -   ,,,,,,,,,,,,,,"  3,300.00 "
,"TONER CART, OPT212A, Yellow",  -   ,cart,  -   ,,,,,,,,,,,,,,"  3,300.00 "
,"TONER CART, OPT213A, Magenta",  -   ,cart,  -   ,,,,,,,,,,,,,,"  3,300.00 "
,"TONER CART, PRISTINE, TN2380 (Free use machine)",  -   ,cart,  -   ,,,,,,,,,,,,,,"  2,500.00 "
,"TONER CART, ORITE, TN-18 (Free use machine)",  -   ,cart,  -   ,,,,,,,,,,,,,,"  3,500.00 "
,,  -   ,,  -   ,,,,,,,,,,,,,,
,,  -   ,,  -   ,,,,,,,,,,,,,,
,,  -   ,,  -   ,,,,,,,,,,,,,,
,,  -   ,,  -   ,,,,,,,,,,,,,,
INKS AND ROLL MASTER,,,,,,,,,,,,,,,,,,
,"Duplication Ink (Duplo Ink, 514K Black)",  -   ,cart,  -   ,,,,,,,,,,,,,,  900.00 
,Duplicator Master [Duplo Roll Master DR-875 ( 2 rolls/bx)],  -   ,roll ,  -   ,,,,,,,,,,,,,,"  4,000.00 "
,,  -   ,,,,,,,,,,,,,,,,
,,  -   ,,,,,,,,,,,,,,,,
RAIN GEAR,,,,,,,,,,,,,,,,,,
,Rain Boots,  -   ,pair,  -   ,,,,,,,,,,,,,,  400.00 
,Rain Coat,  -   ,unit,  -   ,,,,,,,,,,,,,,  600.00 
,,  -   ,,  -   ,,,,,,,,,,,,,,
,,  -   ,,  -   ,,,,,,,,,,,,,,
SOFTWARE,,,,,,,,,,,,,,,,,,
,"SOFTWARE, Anti-virus, 2-year protection,  3 devices",  -   ,lic,  -   ,,,,,,,,,,,,,,"  1,500.00 "
,Statistical Software (SPSS),  -   ,lic,  -   ,,,,,,,,,,,,,,"  170,000.00 "
,,  -   ,,  -   ,,,,,,,,,,,,,,
,,  -   ,,  -   ,,,,,,,,,,,,,,
PAPER MATERIALS & PRODUCTS,,,,,,,,,,,,,,,,,,
,"Answer Sheets, KA",  -   ,sheet,  -   ,,,,,,,,,,,,,,  35.00 
,"Answer Sheets, SATT",  -   ,sheet,  -   ,,,,,,,,,,,,,,  35.00 
,,  -   ,,  -   ,,,,,,,,,,,,,,
,,  -   ,,  -   ,,,,,,,,,,,,,,
,,  -   ,,  -   ,,,,,,,,,,,,,,
,,,,,,,,,,,,,,,,,,
,"ADAPTOR, HDMI - VGA",  -   ,piece,  -   ,,,,,,,,,,,,,,"  1,000.00 "
,"BLOWER, for  computer dust cleaner, 600watts",  -   ,unit,  -   ,,,,,,,,,,,,,,"  2,700.00 "
,"CABLE, UTP, CAT6",  -   ,box,  -   ,,,,,,,,,,,,,,"  3,000.00 "
,"CCTV Camera, 4-channel with harddrive and memory",  -   ,set,  -   ,,,,,,,,,,,,,,"  15,000.00 "
,"HDD, 500GB",  -   ,unit,  -   ,,,,,,,,,,,,,,"  3,000.00 "
,"KEYBOARD, USB type",  -   ,unit,  -   ,,,,,,,,,,,,,,  300.00 
,"MOUSE, PS2 type",  -   ,unit,  -   ,,,,,,,,,,,,,,  300.00 
,"PRINTER, color, 3 in 1, continuous ink system",  -   ,unit,  -   ,,,,,,,,,,,,,,"  8,000.00 "
,"RAM, 4GB, DDR3",  -   ,unit,  -   ,,,,,,,,,,,,,,"  3,000.00 "
,"SWITCH, 24 ports",  -   ,unit,  -   ,,,,,,,,,,,,,,"  4,000.00 "
,Uninterrupted Power Supply (UPS),  -   ,unit,  -   ,,,,,,,,,,,,,,"  3,500.00 "
,"USB Hub, 4 or more ports",  -   ,unit,  -   ,,,,,,,,,,,,,,  500.00 
,,  -   ,,  -   ,,,,,,,,,,,,,,
,,  -   ,,  -   ,,,,,,,,,,,,,,
,,  -   ,,  -   ,,,,,,,,,,,,,,
ACCOUNTABLE FORMS,,,,,,,,,,,,,,,,,,
,Official Receipts,  -   ,box,  -   ,,,,,,,,,,,,,,"  16,000.00 "
,,  -   ,,  -   ,,,,,,,,,,,,,,
,,  -   ,,  -   ,,,,,,,,,,,,,,
,,  -   ,,  -   ,,,,,,,,,,,,,,
AGRICULTURAL SUPPLIES,,,,,,,,,,,,,,,,,,
,ANTIBIOTIC,  -   , bottle ,  -   ,,,,,,,,,,,,,,  700.00 
,"BAG, polyethelene, assorted, for potting",  -   , kilo ,  -   ,,,,,,,,,,,,,,  250.00 
,"CHICK, day old, broiler",  -   , head ,  -   ,,,,,,,,,,,,,,  50.00 
,"CONTAINER, drum",  -   , unit ,  -   ,,,,,,,,,,,,,,"  1,500.00 "
,CYMBUSH,  -   , liter ,  -   ,,,,,,,,,,,,,,  500.00 
,DEWORMER,  -   , bottle ,  -   ,,,,,,,,,,,,,,"  1,000.00 "
,EMPTY SACK,  -   , piece ,  -   ,,,,,,,,,,,,,,  15.00 
,FEED SUPPLEMENTS & MEDICAMENTS,  -   , lot ,  -   ,,,,,,,,,,,,,,"  2,000.00 "
,"FEED, BAGASO",  -   , sack ,  -   ,,,,,,,,,,,,,,  400.00 
,"FEED, Finisher Mash",  -   , sack ,  -   ,,,,,,,,,,,,,,"  1,400.00 "
,"FEED, Fish Food",  -   , bag ,  -   ,,,,,,,,,,,,,,"  2,200.00 "
,"FEED, Grower Mash",  -   , bag ,  -   ,,,,,,,,,,,,,,"  2,000.00 "
,"FEED, Hog Gestating",  -   , bag ,  -   ,,,,,,,,,,,,,,"  1,300.00 "
,"FEED, Hog Grower",  -   , bag ,  -   ,,,,,,,,,,,,,,"  1,500.00 "
,"FEED, Hog Lactating",  -   , bag ,  -   ,,,,,,,,,,,,,,"  1,700.00 "
,"FEED, Hog Starter",  -   , bag ,  -   ,,,,,,,,,,,,,,"  1,700.00 "
,"FEED, Layer Mash",  -   , bag ,  -   ,,,,,,,,,,,,,,"  1,600.00 "
,"FEED, Pelleted based",  -   ,bag,  -   ,,,,,,,,,,,,,,  500.00 
,"FEED, Protein based",  -   ,bag,  -   ,,,,,,,,,,,,,,"  1,600.00 "
,"FEED, Starter Mash",  -   , sack ,  -   ,,,,,,,,,,,,,,"  1,700.00 "
,"FERTILIZER, Complete (14-14-14)",  -   , bag ,  -   ,,,,,,,,,,,,,,"  1,300.00 "
,"FERTILIZER, Urea (46-0-0)",  -   , bag ,  -   ,,,,,,,,,,,,,,"  1,300.00 "
,GARDEN HOSE,  -   , meter ,  -   ,,,,,,,,,,,,,,  15.00 
,GARDEN SOIL,  -   , cu.m. ,  -   ,,,,,,,,,,,,,,  700.00 
,IRON,  -   , bottle ,  -   ,,,,,,,,,,,,,,  500.00 
,KARATE,  -   , liter ,  -   ,,,,,,,,,,,,,,"  1,300.00 "
,MOLASSES,  -   , gallon ,  -   ,,,,,,,,,,,,,,  700.00 
,NYLON,  -   , kilo ,  -   ,,,,,,,,,,,,,,  400.00 
,PESTICIDE,  -   , liter ,  -   ,,,,,,,,,,,,,,"  2,100.00 "
,"PULLET, ready to lay",  -   , head ,  -   ,,,,,,,,,,,,,,  500.00 
,ROCK SALT,  -   , block ,  -   ,,,,,,,,,,,,,,  400.00 
,"SEED, Assorted",  -   , pack ,  -   ,,,,,,,,,,,,,,  100.00 
,"SEED, Certified",  -   , kilo ,  -   ,,,,,,,,,,,,,,"  2,400.00 "
,"STOCKS, Tilapia fry",  -   , fry ,  -   ,,,,,,,,,,,,,,  1.00 
,SUPPLEMENTS & MEDICAMENTS,  -   , lot ,  -   ,,,,,,,,,,,,,,"  1,600.00 "
,VITAMINS,  -   ,bottle,  -   ,,,,,,,,,,,,,,  800.00 
,,  -   ,,  -   ,,,,,,,,,,,,,,
,,  -   ,,  -   ,,,,,,,,,,,,,,
BOOKS,,,,,,,,,,,,,,,,,,
,"Books, Audio-Visual Materials and Serial Publications",  -   ,lot,  -   ,,,,,,,,,,,,,,
,,  -   ,,  -   ,,,,,,,,,,,,,,
,,  -   ,,  -   ,,,,,,,,,,,,,,
,,  -   ,,  -   ,,,,,,,,,,,,,,
FUELS AND GAS,,,,,,,,,,,,,,,,,,
,"FUEL, Diesel, for Mitsubishi Adventure",  -   , liter ,  -   ,,,,,,,,,,,,,,  80.00 
,"FUEL, Diesel, for Van",  -   , liter ,  -   ,,,,,,,,,,,,,,  80.00 
,"FUEL, Gasoline, for Multi-Cab",  -   , liter ,  -   ,,,,,,,,,,,,,,  70.00 
,"FUEL, Gasoline, for Lawn Mower",  -   , liter ,  -   ,,,,,,,,,,,,,,  70.00 
,LPG 11 kg. tank and content,  -   , tank ,  -   ,,,,,,,,,,,,,,"  3,000.00 "
,LPG 50 kg. cylinder refill,  -   ,cylinder ,  -   ,,,,,,,,,,,,,,"  7,000.00 "
,"LPG, 11 kg refill",  -   ,tank,  -   ,,,,,,,,,,,,,,"  1,200.00 "
,,  -   ,,  -   ,,,,,,,,,,,,,,
FURNITURE,,,,,,,,,,,,,,,,,,
,,  -   ,,  -   ,,,,,,,,,,,,,,
,,  -   ,,  -   ,,,,,,,,,,,,,,
,,  -   ,,  -   ,,,,,,,,,,,,,,
,,  -   ,,  -   ,,,,,,,,,,,,,,
,,  -   ,,  -   ,,,,,,,,,,,,,,
,,  -   ,,  -   ,,,,,,,,,,,,,,
FIXTURE,,,,,,,,,,,,,,,,,,
,,  -   ,,  -   ,,,,,,,,,,,,,,
,,  -   ,,  -   ,,,,,,,,,,,,,,
,,  -   ,,  -   ,,,,,,,,,,,,,,
,,  -   ,,  -   ,,,,,,,,,,,,,,
,,  -   ,,  -   ,,,,,,,,,,,,,,
,,  -   ,,  -   ,,,,,,,,,,,,,,
,,  -   ,,  -   ,,,,,,,,,,,,,,
LABORATORY SUPPLIES,,,,,,,,,,,,,,,,,,
,Alantek CAT 6 UTP Cable 4 Pair Solid 23AWG 305 Meters (301-6008LG-00GY),  2.00 ,box,"  16,000.00 ",,,,,,,,,,,,,,"  8,000.00 "
,,  -   ,,  -   ,,,,,,,,,,,,,,
,,  -   ,,  -   ,,,,,,,,,,,,,,
,,  -   ,,  -   ,,,,,,,,,,,,,,
,,  -   ,,  -   ,,,,,,,,,,,,,,
,,  -   ,,  -   ,,,,,,,,,,,,,,
,,  -   ,,  -   ,,,,,,,,,,,,,,
,,  -   ,,  -   ,,,,,,,,,,,,,,
,,  -   ,,  -   ,,,,,,,,,,,,,,
,,  -   ,,  -   ,,,,,,,,,,,,,,
,,  -   ,,  -   ,,,,,,,,,,,,,,
,,  -   ,,  -   ,,,,,,,,,,,,,,
,,  -   ,,  -   ,,,,,,,,,,,,,,
,,  -   ,,  -   ,,,,,,,,,,,,,,
,,  -   ,,  -   ,,,,,,,,,,,,,,
,,  -   ,,  -   ,,,,,,,,,,,,,,
,,  -   ,,  -   ,,,,,,,,,,,,,,
,,  -   ,,  -   ,,,,,,,,,,,,,,
,,  -   ,,  -   ,,,,,,,,,,,,,,
,,  -   ,,  -   ,,,,,,,,,,,,,,
,,  -   ,,  -   ,,,,,,,,,,,,,,
LABORATORY EQUIPMENT,,,,,,,,,,,,,,,,,,
,,  -   ,,  -   ,,,,,,,,,,,,,,
,,  -   ,,  -   ,,,,,,,,,,,,,,
,,  -   ,,  -   ,,,,,,,,,,,,,,
,,  -   ,,  -   ,,,,,,,,,,,,,,
,,  -   ,,  -   ,,,,,,,,,,,,,,
,,  -   ,,  -   ,,,,,,,,,,,,,,
,,  -   ,,  -   ,,,,,,,,,,,,,,
,,  -   ,,  -   ,,,,,,,,,,,,,,
,,  -   ,,  -   ,,,,,,,,,,,,,,
"ATHLETIC SUPPLIES, MATERIALS & EQUIPMENT",,,,,,,,,,,,,,,,,,
,,  -   ,,  -   ,,,,,,,,,,,,,,
,,  -   ,,  -   ,,,,,,,,,,,,,,
,,  -   ,,  -   ,,,,,,,,,,,,,,
,,  -   ,,  -   ,,,,,,,,,,,,,,
,,  -   ,,  -   ,,,,,,,,,,,,,,
,,  -   ,,  -   ,,,,,,,,,,,,,,
,,  -   ,,  -   ,,,,,,,,,,,,,,
,,  -   ,,  -   ,,,,,,,,,,,,,,
,,  -   ,,  -   ,,,,,,,,,,,,,,
,,  -   ,,  -   ,,,,,,,,,,,,,,
,,  -   ,,  -   ,,,,,,,,,,,,,,
,,  -   ,,  -   ,,,,,,,,,,,,,,
,,,,,,,,,,,,,,,,,,
,TOTAL BUDGET:,,"  16,000.00 ",,,,,,,,,,,,,,,
,,,,,,,,,,,,,,,,,,
,Note: Technical Specifications for each Item/Project being proposed shall be submitted as part of the PPMP.,,,,,,,,,,,,,,,,,
,,,,,,,,,,,,,,,,,,
Prepared & Submitted by:,,,Certified Fund Available:,,,,,,,,Approved:,,,,,,,
,,,,,,,,,,,,,,,,,,
,GLICERIO A. BAGUIA,,,"MARY ANN P. GONZAGA, C.P.A.",,,,,,,,"JEAN F. PUERTO, Dev.Ed.D., Ph.D.",,,,,,
,End-User,,,Accountant I,,,,,,,,Campus Director,,,,,,
,,,,,,,,,,,,,,,,,,
Date Prepared:,,,,,,,,,,,,,,,,,,